State,Dose 1 Ratio,Dose 2 Ratio
India,0.34916484800474995,0.09913649716947069
